<?xml version="1.0" encoding="UTF-8"?>

<!-- ===================================================================== -->
<!--                                                                       -->
<!--  SourceForge datasource configuration                                 -->
<!--                                                                       -->
<!-- ===================================================================== -->

<datasources>
  <local-tx-datasource>
    <jndi-name>SourceForgeDS</jndi-name>
    <connection-url>jdbc:mysql://sourceforge/sourceforge</connection-url>
    <driver-class>org.gjt.mm.mysql.Driver</driver-class>
    <user-name>username</user-name>
    <password>password</password>
    <min-pool-size>5</min-pool-size>
  </local-tx-datasource>
</datasources>
